id,victim,published_date,region,industry,threat_actor,sites,cost,ot_or_physical_consecuences,incident_summary,references,published_year,waterfall_report_year,waterfall_report_name
0,Stuxnet,2010-07-15,Iran,Process Mfg.,Nation State,1,,Destroyed 1000 centrifuges at Natanz,Plant was infected by the Stuxnet worm in a targeted attack designed to disrupt Iran's nuclear enrichment program,"[""en.wikipedia.org/wiki/Stuxnet""]",2010,2023,2023 Threat Report. ICSSTRIVE & Waterfall Security Solutions
3,Iran's main oil export terminals,2012-04-22,Iran,Oil & Gas,Nation State,6,,Shutdown 6 terminals,"6 terminals ops. affected by Flame malware. News outlets confirm outage, despite Iran downplaying the attack's effects","[""bbc.com/news/world-middle-east-59062907"",""iranprimer.usip.org/blog/2021/nov/02/israel-iran-cyber-war-gas-station-attack""]",2012,2023,2023 Threat Report. ICSSTRIVE & Waterfall Security Solutions
7,Unknown Power Plant,2012-10-?,USA,Power,Unknown,1,,Delayed turbine restart (thus power generation) by 3 weeks,"10 plant PCs were infected by Mariposa malware variant, transmitted through a USB stick. Occurred during scheduled shutdown for maintenance","[""us-cert.gov/sites/default/files/Monitors/ICS-CERT_Monitor_Oct-Dec2012.pdf""]",2012,2023,2023 Threat Report. ICSSTRIVE & Waterfall Security Solutions
12,German steel mill,2014-12-22,Germany,Metals & Mining,Unknown,1,,"Caused ""massive damage"" to plant equipment","Sophisticated attack using spear phishing and ICS knowledge to disable the control system, causing an uncontrolled shutdown of the blast furnace","[""bbc.com/news/technology-30575104""]",2014,2023,2023 Threat Report. ICSSTRIVE & Waterfall Security Solutions
15,"Prykarpattyaoblenergo, Chernivtsioblenergo, Kyivoblenergo",2015-12-13,Ukraine,Power,Nation State,32,,Power outage lasts up to 6 hours affecting 230K people,First publicly known attack on a power grid occurs when threat actor Sandworm deploys BlackEnergy 3 malware into the utility's network,"[""en.wikipedia.org/wiki/2015_Ukraine_power_grid_hack"",""arstechnica.com/information-technology/2016/01/first-known-hacker-caused-power-outage-signals-troubling-escalation""]",2015,2023,2023 Threat Report. ICSSTRIVE & Waterfall Security Solutions
21,"Pivnichna substation, Kyiv",2016-12-17,Ukraine,Power,Nation State,1,,Power outage for 20% of Kyiv for over 1 hour,"Sandworm suspected in deploying Industroyer (also: CrashOverride) malware, by exploiting a vulnerability in Siemens SIPROTEC relays","[""en.wikipedia.org/wiki/2016_Kyiv_cyberattack"",""arstechnica.com/information-technology/2017/06/crash-override-malware-may-sabotage-electric-grids-but-its-no-stuxnet""]",2016,2023,2023 Threat Report. ICSSTRIVE & Waterfall Security Solutions
27,Renault-Nissan,2017-05-12,"France, Slovenia, Romania, India",Discrete Mfg.,Ransomware,5,,"Shutdown plants in Douai, Sandouville, Slovenia, Pitesti, and Chennai for 1 day","WannaCry ransomware, spread by the ExternalBlue exploit, hit 5 plants for 1 day","[""industrialcybersecuritypulse.com/facilities/throwback-attack-wannacry-ransomware-takes-renault-nissan-plants-offline""]",2017,2023,2023 Threat Report. ICSSTRIVE & Waterfall Security Solutions
33,AP Moller-Maersk / Gateway Terminals India (GTI),2017-06-27,India,Transportation,Ransomware,1,,Shutdown operations at the JNPT GTI Terminal,"JNPT's GTI container terminal depends on Maersk's systems located in the Hague, which fell victim to a Petya ransomware attack","[""timesofindia.indiatimes.com/india/indias-largest-container-port-jnpt-hit-by-ransomware/articleshow/59346704.cms""]",2017,2023,2023 Threat Report. ICSSTRIVE & Waterfall Security Solutions
39,Countless,2017-06-27,Global,All,Nation State,1,$10B,"Outages throughout many industries: one incident, countless victims","NotPetya malware, created by Russian actors targeting Ukraine, spreads indiscriminately through networks using the EternalBlue exploit, permanently encrypting data","[""wired.com/story/notpetya-cyberattack-ukraine-russia-code-crashed-the-world""]",2017,2023,2023 Threat Report. ICSSTRIVE & Waterfall Security Solutions
43,Unknown Petrochemical Plant,2017-08-?,Saudi Arabia,Oil & Gas,Nation State,1,,"Shutdown one plant, twice","Triton malware employed to infect and reprogram Triconex safety systems. This triggered an automatic shutdown, alerting operations. Occurred twice","[""theguardian.com/technology/2017/dec/15/triton-hackers-malware-attack-safety-systems-energy-plant""]",2017,2023,2023 Threat Report. ICSSTRIVE & Waterfall Security Solutions
48,AW North Carolina,2017-08-16,USA,Discrete Mfg.,Ransomware,1,$1M,"Shutdown ops. for 4 hours, and caused a ripple delay effect in the auto supply chain","Just-in-time transmission component supplier to Toyota, Honda and others is hit by ransomware that slipped through firewall and AV software defenses","[""industrialcybersecuritypulse.com/threats-vulnerabilities/throwback-attack-aw-north-carolina-attack-shows-dangers-of-"",""apnews.com/article/nc-state-wire-north-america-us-news-ap-top-news-north-carolina-e316bd63f21a4fd181b3fb4a8dd7a5ba""]",2017,2023,2023 Threat Report. ICSSTRIVE & Waterfall Security Solutions
54,Taiwan Semiconductor Manufacturing Co (TSMC),2018-08-03,Taiwan,Discrete Mfg.,Ransomware,3,$255M,"Shutdown operations at Tainan, Hsinchu, and Taichung; Lost 3% in quarterly revenue","WannaCry ransomware caused the outage. Supplier installed software on some machines accidentally infected with the malware, without running AV","[""itpro.com/security/31629/tsmc-cyber-attack-was-apparently-caused-by-wannacry""]",2018,2023,2023 Threat Report. ICSSTRIVE & Waterfall Security Solutions
58,Unknown gas pipeline,2019-?-?,USA,Oil & Gas,Ransomware,1,,Shutdown pipeline for 2 days,"Attackers used spear phishing to gain initial access to the IT network, then pivoted into the OT network due to poor segmentation. Then, they planted ransomware","[""securityweek.com/operations-us-natural-gas-facilities-disrupted-ransomware-attack""]",2019,2023,2023 Threat Report. ICSSTRIVE & Waterfall Security Solutions
62,Norsk Hydro,2019-03-18,Norway,Metals & Mining,Ransomware,170,$71M,Halted production at 170 sheet aluminum plants,"Infected by the LockerGoga ransomware, initially spread at Norsky Hydro through phishing emails on the IT network","[""news.microsoft.com/source/features/digital-transformation/hackers-hit-norsk-hydro-ransomware-company-responded-transparency""]",2019,2023,2023 Threat Report. ICSSTRIVE & Waterfall Security Solutions
68,City Power Johannesburg,2019-07-26,South Africa,Power,Ransomware,1,,Power outage for 250k customers and delayed restoration,"Ransomware encrypts the IT system, preventing customers on pre-paid plans from purchasing electricity, and hampering line crews’ efforts to restore localized blackouts","[""twitter.com/CityPowerJhb/status/1154277777950093313"",""bbc.com/news/technology-49125853""]",2019,2023,2023 Threat Report. ICSSTRIVE & Waterfall Security Solutions
72,Pilz,2019-10-13,Germany,Discrete Mfg.,Ransomware,1,,"Shutdown systems, reverted to manual ops., and slowed production for 1 week","Slowdown due to impaired order tracking, due to BitPaymer ransomware attack","[""drivesncontrols.com/news/fullstory.php/aid/6191/Pilz_is_recovering_from_a__91major_92_ransomware_attack.html""]",2019,2023,2023 Threat Report. ICSSTRIVE & Waterfall Security Solutions
77,RavnAir Alaska,2019-12-20,USA,Transportation,Ransomware,1,,Canceled Dash-8-100 flights for 24 hours,"Canceled Dash-8 flights because a cyber attack caused outage of the Dash-8 maintenance system and its backup, which is required for flight","[""theregister.com/2020/01/02/ravnair_ransomware_dhc_dash_8""]",2019,2023,2023 Threat Report. ICSSTRIVE & Waterfall Security Solutions
80,Picanol,2020-01-13,"Belgium, Romania, China",Discrete Mfg.,Ransomware,3,€1M,"Shutdown manufacturing plants for 1 weeks, and sent workers home","Picanol is a manufacturer of weaving machines, and their manufacturing plants are heavily automated. Financial impact amounts paid for external experts","[""picanolgroup.com/en/investors/press-releases/press-release-cyber-attack-update-january-31-2020""]",2020,2023,2023 Threat Report. ICSSTRIVE & Waterfall Security Solutions
85,Toll Group,2020-01-31,Australia,Transportation,Ransomware,1,,Shutdown systems and reverted to manual ops.,"Australian-based global logistics company suffered a targeted ransomware attack, and shutdown automation in an abundance of caution","[""zdnet.com/article/deliveries-stranded-across-australia-as-toll-confirms-ransomware-attack"",""zdnet.com/article/toll-group-shuts-down-it-systems-in-response-to-cybersecurity-incident""]",2020,2023,2023 Threat Report. ICSSTRIVE & Waterfall Security Solutions
90,Miltenyi Biotech,2020-02-02,Germany,Discrete Mfg.,Ransomware,28,,Impaired global order processing for 2 weeks,Mount Locker ransomware impacted manufacturer and distributor of biotechnology & COVID-19 products. 150 GB data was exfiltrated and 1GB leaked publicly,"[""bleepingcomputer.com/news/security/biotech-research-firm-miltenyi-biotec-hit-by-ransomware-data-leaked""]",2020,2023,2023 Threat Report. ICSSTRIVE & Waterfall Security Solutions
96,KHS Bicycles,2020-02-24,USA,Discrete Mfg.,Ransomware,1,,Delayed shipments for 2 days,Could not process B2B orders and ship bikes following a ransomware attack over the weekend,"[""bicycleretailer.com/industry-news/2020/02/25/khs-bicycles-systems-hacked-distributor-halts-shipments#.YG3-wC1h3ox""]",2020,2023,2023 Threat Report. ICSSTRIVE & Waterfall Security Solutions
103,EVRAZ manufacturing,2020-03-04,USA & Canada,Discrete Mfg.,Ransomware,2,,"Shutdown operations at several plants, and sent 900+ workers home for 3+ days","After an attack on IT systems, production was halted at least two sites in Canada. IT systems depend on OT and ""necessary to ensure standards and traceability""","[""cbc.ca/news/canada/saskatchewan/evraz-regina-shut-down-ransomware-attack-1.5487017"",""globalnews.ca/news/6640313/evraz-regina-cyberattack-layoffs""]",2020,2023,2023 Threat Report. ICSSTRIVE & Waterfall Security Solutions
108,Shahid Rajaee port,2020-05-09,Iran,Transportation,Nation State,1,,"Halted port terminal, abruptly and inexplicably","Sophisticated attack by Israel and retaliation for Iran's attacks on Israeli water systems in April, which were caught and defeated in real-time","[""timesofisrael.com/6-facilities-said-hit-in-irans-cyberattack-on-israels-water-system-in-april"",""timesofisrael.com/cyber-attacks-again-hit-israels-water-system-shutting-agricultural-pumps""]",2020,2023,2023 Threat Report. ICSSTRIVE & Waterfall Security Solutions
113,Fisher & Paykel Appliances,2020-06-04,New Zealand,Discrete Mfg.,Ransomware,1,,Shutdown appliance manufacturing and distribution ops.,Victim of the Netfilim ransomware group. They refused to pay and suffered a large data leak,"[""stuff.co.nz/business/121849569/appliance-repairer-in-the-dark-after-ransomware-attack-on-fp-appliances""]",2020,2023,2023 Threat Report. ICSSTRIVE & Waterfall Security Solutions
118,Honda,2020-06-09,"Japan, Turkey, UK, USA",Discrete Mfg.,Ransomware,4,,Shutdown global plant manufacturing ops. for 4 days and delayed vehicle shipments,"Victim of EKANS (""Snake"") ransomware that spread to at least 4 plants. The malware spread from IT servers to the control network suggesting poor network segmentation","[""icsstrive.com/incident/honda-manufacturing-attack"",""telegraph.co.uk/technology/2020/06/09/hondas-global-factories-brought-standstill-cyber-attack""]",2020,2023,2023 Threat Report. ICSSTRIVE & Waterfall Security Solutions
122,Lion,2020-06-09,Australia,Food & Beverage,Ransomware,45,,Shutdown brewery operations for 2+ weeks,"Hit by two separate REvil ransomware attacks weeks apart, during the early months of the Covid-19 pandemic","[""zdnet.com/article/lion-warns-of-beer-shortages-following-ransomware-attack"",""smh.com.au/technology/cyber-crisis-deepens-at-lion-as-second-attack-bites-beer-giant-20200618-p5540c.html""]",2020,2023,2023 Threat Report. ICSSTRIVE & Waterfall Security Solutions
126,X-FAB,2020-07-05,"Germany, France, Malaysia, USA",Discrete Mfg.,Ransomware,6,,"Shutdown all plants: down 2 weeks at 5 sites, and 1 week for another",X-FAB is a leading MEMS analog/mixed-signal chip fab and fell victim to a Maze ransomware attack,"[""businesswire.com/news/home/20200705005045/en/X-FAB-Affected-by-Cyber-Attack""]",2020,2023,2023 Threat Report. ICSSTRIVE & Waterfall Security Solutions
130,Tower Semiconductor,2020-09-06,Israel,Discrete Mfg.,Ransomware,2,,"Shutdown ""several"" plants","Tower Semi manufactures integrated circuits, and has 2 plants in Israel, 2 in the USA, and 3 in Japan. Further details were not made public","[""cisomag.com/tower-semiconductor-cyberattack""]",2020,2023,2023 Threat Report. ICSSTRIVE & Waterfall Security Solutions
133,Bluescope Steel,2020-09-15,Australia,Discrete Mfg.,Ransomware,2,,"Shutdown production, and reverted to manual operations for some processes","Ransomware infection was first detected in their USA- based subsidiary, but the attack eventually impacted global production ops.","[""abc.net.au/news/2020-05-15/bluescope-steel-cyber-attack-shut-down-kembla-ransomware/12251316""]",2020,2023,2023 Threat Report. ICSSTRIVE & Waterfall Security Solutions
138,IPG Photonics,2020-10-17,USA,Discrete Mfg.,Ransomware,2,,Shutdown global parts manufacturing and shipping,"The Oxford, MA based industrial, medical, and military laser manufacturer was hit by RansomExx malware","[""icsstrive.com/editorials/ransomware-hits-ma-laser-maker"",""bleepingcomputer.com/news/security/leading-us-laser-developer-ipg-photonics-hit-with-ransomware/""]",2020,2023,2023 Threat Report. ICSSTRIVE & Waterfall Security Solutions
143,Société de transport de Montréal (STM),2020-10-19,Canada,Transportation,Ransomware,1,$2M,"Shutdown on-call, door to door, paratransit services for nearly a week","Montreal's transit service was hit by RansomExx ransomware, and they refused to pay the $2.8 mil demanded","[""cbc.ca/news/canada/montreal/stm-refused-to-pay-2-8-million-ransomware-attack-1.5782838"",""stm.info/en/press/news/2020/the-stm-completes-cyber-attack-investigation""]",2020,2023,2023 Threat Report. ICSSTRIVE & Waterfall Security Solutions
148,Steelcase,2020-10-22,USA,Discrete Mfg.,Ransomware,1,$60M,Shutdown all plants for 2 weeks; delayed $60m in shipments to the 4th quarter,"Office furniture maker the victim of a Ryuk ransomware attack that shutdown global order management, manufacturing, and distribution systems","[""bleepingcomputer.com/news/security/steelcase-furniture-giant-hit-by-ryuk-ransomware-attack"",""mibiz.com/sections/manufacturing/cyberattack-delays-60-million-in-shipments-for-steelcase-as-pandemic-continues-to-batter-office-furniture-orders""]",2020,2023,2023 Threat Report. ICSSTRIVE & Waterfall Security Solutions
155,Dr Reddy's Laboratories,2020-10-22,"India, UK, Brazil, Russia, USA",Discrete Mfg.,Ransomware,5,,Shutdown production at 5 plants and stocks fell 3%,"A week after agreeing to produce the Sputnik V Covid-19 vaccine for final trials, Dr Reddy's was subject to a ransomware attack","[""businessinsider.in/india/news/dr-reddys-shares-fell-over-3-the-drug-maker-isolated-all-data-service-centers-after-a-cyber-attack/articleshow/78806238.cms"",""thehindu.com/business/Industry/oct-22-data-breach-involved-a-ransomware-attack-dr-reddys/article32962438.ece""]",2020,2023,2023 Threat Report. ICSSTRIVE & Waterfall Security Solutions
163,Stelco,2020-10-25,Canada,Discrete Mfg.,Unknown,1,,"Shutdown steel production, temporarily",The company has reported the incident to law enforcement and did not give further details.,"[""insurancebusinessmag.com/ca/news/cyber/stelco-reveals-information-systems-were-subjected-to-a-criminal-attack-237287.aspx""]",2020,2023,2023 Threat Report. ICSSTRIVE & Waterfall Security Solutions
169,Symrise,2020-12-13,Germany,Discrete Mfg.,Ransomware,1,,Shutdown production out of abundance of caution,The flavor and fragrance manufacturer was hit by a Cl0p ransomware attack,"[""bleepingcomputer.com/news/security/flavors-designer-symrise-halts-production-after-clop-ransomware-attack"",""handelsblatt.com/unternehmen/industrie/mdax-konzern-hacker-legen-symrise-lahm-warum-der-fall-besonders-schwerwiegend-ist/26718680.html""]",2020,2023,2023 Threat Report. ICSSTRIVE & Waterfall Security Solutions
176,Forward Air,2020-12-15,USA,Transportation,Ransomware,1,,Shutdown operations and delayed shipments for a week,Hades ransomware gang attack impacted both IT and OT systems leading to delivery delays which may impact financial results,"[""freightwaves.com/news/news-alert-forward-air-reveals-ransomware-attack-warns-of-revenue-hit"",""freightwaves.com/news/news-alert-forward-airs-systems-coming-back-online""]",2020,2023,2023 Threat Report. ICSSTRIVE & Waterfall Security Solutions
181,Westrock,2021-01-23,USA,Discrete Mfg.,Ransomware,1,,"Forced manual ops, reduced production by 85K tons, and delayed shipments","After the packaging manufacturer was hit by ransomware, they shutdown systems in an abundance of caution, which impacted production and shipment volumes","[""ir.westrock.com/press-releases/press-release-details/2021/WestRock-Provides-Update-on-Ransomware-Incident-8dfde2fca/default.aspx""]",2021,2023,2023 Threat Report. ICSSTRIVE & Waterfall Security Solutions
187,Palfinger AG,2021-01-26,"Europe, N. & S. America, Asia",Discrete Mfg.,Ransomware,31,,Lost nearly 2 weeks crane production at all plants,The world's largest crane manufacturer. All global plants were affected.,"[""bitdefender.com.au/blog/hotforsecurity/worlds-largest-crane-maker-""]",2021,2023,2023 Threat Report. ICSSTRIVE & Waterfall Security Solutions
190,Molson Coors,2021-03-11,"USA, Canada, UK",Food & Beverage,Ransomware,13,$120M,"Disrupted brewery production and shipments, delaying 120-$140m in earnings",Took all systems offline to contain the spread. By end of the month was still dealing with delays and disruptions,"[""bleepingcomputer.com/news/security/molson-coors-brewing-operations-disrupted-by-cyberattack"",""securityweek.com/molson-coors-cyberattack-storms-could-cost-company-140-million""]",2021,2023,2023 Threat Report. ICSSTRIVE & Waterfall Security Solutions
195,Sierra Wireless,2021-03-20,Canada,Discrete Mfg.,Ransomware,1,,Halted production at all manufacturing sites,"IoT, cellular, and wireless device manufacturer with an unknown number of manufacturing sites","[""isssource.com/sierra-wireless-hit-by-ransomware-attack""]",2021,2023,2023 Threat Report. ICSSTRIVE & Waterfall Security Solutions
198,Asteelflash Group SA,2021-03-25,France,Discrete Mfg.,Ransomware,20,,Shutdown multiple printed circuit board plants,A leading Electronics Manufacturing Services (EMS) company suffered a REvil ransomware attack,"[""icsstrive.com/incident/revil-ransomware-shut-down-multiple-plants-at-asteelflash""]",2021,2023,2023 Threat Report. ICSSTRIVE & Waterfall Security Solutions
202,JBI Bike,2021-04-01,USA,Transportation,Ransomware,11,,Delayed shipments for 7+ days,"A wholesale bicycle and parts distributor, with 11 warehouses, where only some were back up a week after the attack","[""bicycleretailer.com/industry-news/2021/04/07/jbi-back-online-limited-capacity-after-ransomware-attack#.ZBip3PbMKdY""]",2021,2023,2023 Threat Report. ICSSTRIVE & Waterfall Security Solutions
209,Bakkier Logistiek,2021-04-04,Netherlands,Transportation,Ransomware,1,,"Disrupted new orders, delayed shipments to retail outlets for 5 days",Caused shortages of packaged cheese at retail,"[""icsstrive.com/incident/ransomware-attack-at-bakker-logistiek-caused-cheese-shortage-in-dutch-supermarkets""]",2021,2023,2023 Threat Report. ICSSTRIVE & Waterfall Security Solutions
214,Colonial Pipeline,2021-05-07,USA,Oil & Gas,Ransomware,1,$4.4M,Shutdown pipeline for 6 days and paid a $4.4M ransom,"DarkSide ransomware behind attack on the largest gasoline pipeline in USA, triggering widespread gasoline shortages in US Northeast","[""icsstrive.com/incident/colonial-pipeline-ops-shut-down-after-ransomware-attack""]",2021,2023,2023 Threat Report. ICSSTRIVE & Waterfall Security Solutions
218,Ardagh Group,2021-05-20,UK,Process Mfg.,Ransomware,1,$34M,Slowed production and delayed shipments,"Metal and glass beverage packaging facilities remained operational, but some processes reverted to manual operation causing shipment delays","[""isssource.com/eu-packaging-maker-hit-by-cyberattack""]",2021,2023,2023 Threat Report. ICSSTRIVE & Waterfall Security Solutions
221,JBS SA,2021-05-30,"Australia, Canada, USA",Food & Beverage,Ransomware,5,,Several large meatpacking plants shut down and sent workers home,"Plants in Nebraska, Colorado, Texas, Brooks, and Australia canceled production shifts","[""cbc.ca/news/business/jbs-meat-cyberattack-1.6048942""]",2021,2023,2023 Threat Report. ICSSTRIVE & Waterfall Security Solutions
224,Iran Rails,2021-07-09,Iran,Transportation,Hacktivist,1,,Impaired service by reprogramming signs and wiping computers,"Targeted by the Predatory Sparrow group, infected with wiper malware, and reprogrammed rail signage causing “unprecedented chaos”","[""nytimes.com/2021/08/14/world/middleeast/iran-trains-cyberattack.html"",""theguardian.com/world/2021/jul/11/cyber-attack-hits-irans-transport-ministry-and-railways""]",2021,2023,2023 Threat Report. ICSSTRIVE & Waterfall Security Solutions
229,Transnet,2021-07-22,South Africa,Transportation,Ransomware,4,,Declared Force Majeure and halted operations for 7 days,"Transnet said ports at Durban, Ngqura, Port Elizabeth and Cape Town were affected","[""reuters.com/article/us-transnet-cyber-idUSKBN2EZ0RQ""]",2021,2023,2023 Threat Report. ICSSTRIVE & Waterfall Security Solutions
232,New Cooperative,2021-09-17,USA,Agriculture,Ransomware,1,,"Delayed grain receipts & shipments, & shutdown fertigation optimization system",BlackMatter ransomware attack impacted grain transactions during harvest season. Systems were pre-emptively shutdown to stop the spread,"[""icsstrive.com/incident/ia-ag-cooperative-hit-in-ransomware-attack""]",2021,2023,2023 Threat Report. ICSSTRIVE & Waterfall Security Solutions
235,Crystal Valley Cooperative,2021-09-19,USA,Agriculture,Ransomware,1,,Shutdown for 4 days and reverted to manual ops.,"During harvest season were unable to mix fertilizer, fulfil livestock feed orders, and switched to manual ops for receiving grain by issuing paper receipts","[""icsstrive.com/incident/ransomware-attack-forces-agricultural-grain-firm-in-minnesota-to-take-systems-offline""]",2021,2023,2023 Threat Report. ICSSTRIVE & Waterfall Security Solutions
240,Weir Group,2021-09-21,UK,Discrete Mfg.,Ransomware,1,£20M,"Disrupted manufacturing, engineering, and shipping","When the attack was detected, ""systems promptly responded by shutting down core operations."" Loss projected at £20-30m","[""icsstrive.com/incident/weir-group-ransomware-incident""]",2021,2023,2023 Threat Report. ICSSTRIVE & Waterfall Security Solutions
243,Ferrara,2021-10-09,USA,Food & Beverage,Ransomware,2,,Shutdown operations and delayed shipments for more than two weeks,"Candymaker suffered production shutdowns prior to Halloween, but had only resumed production in ""select facilities"" two weeks later","[""cyberscoop.com/candy-corn-hack-halloween"",""manufacturing.net/home/news/13165782/ferrero-to-acquire-ferrara-candy-company""]",2021,2023,2023 Threat Report. ICSSTRIVE & Waterfall Security Solutions
247,Schreiber Foods,2021-10-22,"USA, Europe, S. America",Food & Beverage,Ransomware,30,,"Shutdown production and delivery for 5 days, and disrupted dairy supply chain","Large cheese and yogurt manufacturer could not receive, produce, or ship dairy product due to an attack on their plants and distribution centers","[""cyberscoop.com/schreiber-foods-cyber-event-ransomware-agriculture-food"",""wisfarmer.com/story/news/2021/10/26/schreiber-foods-hit-cyberattack-plants-closed/8558252002""]",2021,2023,2023 Threat Report. ICSSTRIVE & Waterfall Security Solutions
252,Madix Inc,2021-11-?,USA,Discrete Mfg.,Ransomware,2,,"Shutdown production, sent employees home",Manufacture of store fixtures halted at both Goodwater and Eclectic plants,"[""newsbreak.com/news/2435633463049-""]",2021,2023,2023 Threat Report. ICSSTRIVE & Waterfall Security Solutions
254,Diamond Comic Book Distributors,2021-11-07,USA,Transportation,Ransomware,1,,"Delayed retail shipments by 2-4 days, twice","Diamond is a top distributor for Marvel, Dark Horse, and Image comics. Scheduled orders were temporarily halted after a ransomware attack the prevented delivery.","[""icsstrive.com/incident/ransomware-attack-at-diamond-comic-distributors-disrupts-retailer-shipments""]",2021,2023,2023 Threat Report. ICSSTRIVE & Waterfall Security Solutions
259,Estrella Damm Brewery,2021-11-08,Spain,Food & Beverage,Ransomware,2,,Shutdown production for 5 days at all breweries (impacted bottling),"Had this occurred in the summer, consequences would have been more severe as stocks only last 3 days","[""icsstrive.com/incident/barcelonas-damm-brewery-ransomware-attack""]",2021,2023,2023 Threat Report. ICSSTRIVE & Waterfall Security Solutions
263,Nortura,2021-12-21,Norway,Food & Beverage,Ransomware,2,,Production halted at several sites for more than a week,"Shutdown meat processing plants after a ransomware attack, with one report of animals destined for slaughter being diverted to competitors","[""icsstrive.com/incident/norwegian-food-producer-hit-in-cyberattack"",""web.archive.org/web/20220701083242/norwaytoday.info/news/slaughter-pigs-sent-to-a-competitor-after-the-data-attack-on-nortura""]",2021,2023,2023 Threat Report. ICSSTRIVE & Waterfall Security Solutions
269,Amedia,2021-12-28,Norway,Discrete Mfg.,Unknown,1,,Shutdown printing presses for 1.5 days,Norway's largest local news publisher was forced to shut down their presses after an unspecified cyber attack shut them down.,"[""icsstrive.com/incident/norway-media-company-amedia-hit-in-cyberattack""]",2021,2023,2023 Threat Report. ICSSTRIVE & Waterfall Security Solutions
273,Bay & Bay Transportation,2022-01-01,USA,Transportation,Ransomware,1,,Lost 1.5 weeks of production,"Hit by Conti ransomware, and systems taken offline and remediated","[""freightwaves.com/news/minnesota-trucking-company-hit-in-2nd-ransomware-attack"",""icsstrive.com/incident/mn-trucking-and-logistics-company-hit-by-ransomware-attack-again""]",2022,2023,2023 Threat Report. ICSSTRIVE & Waterfall Security Solutions
278,CPH Chemie & Papier Holding,2022-01-07,"Switzerland, Germany",Process Mfg.,Ransomware,1,,"6 days of downtime; lost 8,400 tons in paper output","Newsprint, packaging, and lightweight coated paper (LWC) producer in Perlen and Müllheim was forced into a controlled shutdown after a cyber attack","[""euwid-paper.com/news/markets/cph-to-restart-operations-in-perlen-and-muellheim-by-tomorrow"",""icsstrive.com/incident/hackers-paralyze-only-newsprinting-facility-in-switzerland""]",2022,2023,2023 Threat Report. ICSSTRIVE & Waterfall Security Solutions
284,Kenyon Produce (KP) Snacks,2022-01-28,UK,Food & Beverage,Ransomware,1,,"Halted production, delayed deliveries for 2 months, & capped orders","Hit by Conti ransomware, the snack maker ""cannot safely process orders or dispatch goods."" Orders will be capped while existing stocks consumed","[""foodprocessing.com/industrynews/2022/hackers-cripple-kp-snacks"",""isssource.com/ransomware-attack-at-uk-snack-provider""]",2022,2023,2023 Threat Report. ICSSTRIVE & Waterfall Security Solutions
287,Marquard & Bahls subsidiaries Mabanaft & Oiltanking,2022-01-29,Germany,Transportation,Ransomware,11,,"Declared force majeure, halted operations for 2 weeks","BlackCat (ALPHV) ransomware halted loading and unloading of fuel and bulk oil at port, and had a minor impact on automotive fuel distribution in Germany","[""bbc.com/news/technology-60215252"",""icsstrive.com/incident/german-oil-tank-farm-shut-down""]",2022,2023,2023 Threat Report. ICSSTRIVE & Waterfall Security Solutions
290,SEA-Tank & SEA-Invest Group,2022-01-30,"Belgium, Africa",Transportation,Ransomware,24,,Halted operations at all European and African ports,Every SEA-Tank or SEA-Invest port terminal in Europe and Africa could not unload fuel due to a reported BlackCat (ALPHV) ransomware attack,"[""isssource.com/oil-terminals-in-europe-suffer-cyberattack"",""icsstrive.com/incident/oil-terminals-in-europe-suffer-cyberattack""]",2022,2023,2023 Threat Report. ICSSTRIVE & Waterfall Security Solutions
293,Evos Group,2022-02-02,"Malta, Belgium, Netherlands",Transportation,Unknown,3,,"Delayed unloading fuel at 3 ports: Terneuzen, Ghent, and Birzebbuga",Cyber attack delayed loading and unloading of fuel and bulk oil at port for the storage logistics company. The Malta operation was just recently acquired from Oiltanking,"[""insurancejournal.com/news/international/2022/02/03/652169.htm"",""icsstrive.com/incident/malta-oil-terminal-run-by-evos-one-of-several-european-facilities-hit-by-a-cyberattack""]",2022,2023,2023 Threat Report. ICSSTRIVE & Waterfall Security Solutions
298,Swissport,2022-02-03,Switzerland,Transportation,Ransomware,1,,"Delayed 22 flights, cargo, and freight services for 20 min",BlackCat (ALPHV) ransomware attack forced Swissport to revert to manual ops and backup procedures,"[""icsstrive.com/incident/ransomware-attack-at-swiss-airport-services-firm"",""spiegel.de/netzwelt/web/swissport-hackerangriff-stoert-zeitweise-flugbetrieb-in-der-schweiz-a-44285ac8-ad73-42ea-b751-91559c2ff4c8""]",2022,2023,2023 Threat Report. ICSSTRIVE & Waterfall Security Solutions
305,Jawaharlal Nehru Port Container Terminal (JNPCT),2022-02-21,India,Transportation,Ransomware,1,,Diverted incoming vessels and halted in-progress loading/unloading at port,"Management Information System (MIS) knocked out by ransomware at JNPCT, one of five marine facilities at the Nhava Sheva container gateway","[""theloadstar.com/ransomware-attack-hits-nhava-sheva-container-terminal"",""icsstrive.com/incident/ransomware-attack-cripples-indian-port-container-terminal-jncpt""]",2022,2023,2023 Threat Report. ICSSTRIVE & Waterfall Security Solutions
309,Expeditors,2022-02-22,USA,Transportation,Ransomware,1,$60M,Shutdown operations for 3+ weeks,"Cannot ship freight or manage customs processing, thereby halting ops. The financial cost to restore systems and in lost business was significant","[""bleepingcomputer.com/news/security/expeditors-shuts-down-global-operations-after-likely-ransomware-attack"",""icsstrive.com/incident/expeditors-intl-hit-by-ransomware-attack""]",2022,2023,2023 Threat Report. ICSSTRIVE & Waterfall Security Solutions
314,Caledonian Modular,2022-02-24,UK,Discrete Mfg.,Ransomware,1,,Shutdown manufacturing ops.,Modular building manufacturer's lost production output due to the attack was a major factor in the company's March insolvency,"[""theconstructionindex.co.uk/news/view/jrl-buys-caledonian-modular-out-of-administration"",""icsstrive.com/incident/cyberattack-significantly-reduced-caledonian-modulars-operating-capability/""]",2022,2023,2023 Threat Report. ICSSTRIVE & Waterfall Security Solutions
319,Bridgestone,2022-02-27,N. & S. America,Discrete Mfg.,Ransomware,23,,"10 days lost production, and workers sent home, at all 23 tire plants in the Americas","Lockbit ransomware prompted the shut down all plants in the western hemisphere, in an abundance of caution, and begin recovery","[""icsstrive.com/incident/tire-manufacturer-bridgestone-hit-in-ransomware-attack""]",2022,2023,2023 Threat Report. ICSSTRIVE & Waterfall Security Solutions
323,Belarus Railway,2022-02-28,Belarus,Transportation,Hacktivist,1,,"Halted trains in Minsk, Orsha, and Osipovichi","The Belarusian ""Cyber Partisans"" encrypt and disable routing and switching devices, stranding trains at station, to slow Russian troops transiting to the Ukrainian front","[""bqprime.com/amp/technology/belarus-hackers-allegedly-disrupted-trains-to-thwart-russia""]",2022,2023,2023 Threat Report. ICSSTRIVE & Waterfall Security Solutions
327,"Kojima Industries, Toyota, Hino, & Daihatsu",2022-02-28,Japan,Discrete Mfg.,Ransomware,14,,"Shutdown all Japanese auto and truck plants for 1 day, and lost production of 10K units","When 3rd party supplier Kojima was hit by ransomware, Toyota chose to shut down all their Japanese plants in an abundance of caution","[""isssource.com/toyota-halts-production-after-cyberattack-on-supplier""]",2022,2023,2023 Threat Report. ICSSTRIVE & Waterfall Security Solutions
330,Rosetti Energy,2022-02-28,Russia,Power,Hacktivist,2,,Deactivated all EV charging stations between Moscow and St. Petersberg,"Hacktivists remotely disable all electric vehicle charging stations along the M-11 motorway, and reprogram displays criticizing President Putin","[""icsstrive.com/incident/russian-electric-vehicle-chargers-hacked-on-m11-highway-as-political-protest""]",2022,2023,2023 Threat Report. ICSSTRIVE & Waterfall Security Solutions
335,H.P. Hood Dairy LLC,2022-03-11,USA,Food & Beverage,Unknown,13,,"Shutdown production 1 week, disposed all dairy product, canceled orders & deliveries","Cyber attack prompted taking Hood's 13 plants offline in an abundance of caution, and could not receive materials to manufacture dairy products","[""boston.com/news/local-news/2022/03/18/most-hood-plants-up-and-running-after-cyber-event"",""icsstrive.com/incident/dairy-plant-operations-offline-no-milk-at-schools-in-new-england""]",2022,2023,2023 Threat Report. ICSSTRIVE & Waterfall Security Solutions
340,ELTA (Hellenic Post),2022-03-20,Greece,Transportation,Ransomware,1,,"Disrupted postal services for 17 days, nationally","Unpatched vulnerability led to reverse shell & ransomware deployment, disrupting all mail, financial, and bill payment services processed through the Greek Post","[""therecord.media/greeces-national-postal-service-restoring-systems-after-ransomware-attack"",""icsstrive.com/incident/ransomware-attack-halts-public-postal-services-in-greece""]",2022,2023,2023 Threat Report. ICSSTRIVE & Waterfall Security Solutions
345,TAVR Corporate Group,2022-03-24,Russia,Food & Beverage,Ransomware,1,,"Shutdown production and recorded a ""significant economic loss""","TAVR makes 50K tons of meat and sausage in Rostov-on-don, close to the Ukraine border. A rep assessed the event as “meticulously planned and significant sabotage”","[""icsstrive.com/incident/operational-impact-after-cyberattack-at-tavr-food-processing-group-in-russia""]",2022,2023,2023 Threat Report. ICSSTRIVE & Waterfall Security Solutions
350,Bulgarian State Post Office,2022-04-16,Bulgaria,Transportation,Ransomware,1,,"2+ week outage of 26 national postal services, including deliveries","Russian-originated ransomware attack to the Bulgarian Post, where attackers moved laterally into all IT and OT systems affecting all 26 offered services","[""euractiv.com/section/politics/short_news/russian-style-hackers-ruin-bulgarian-post-office"",""icsstrive.com/incident/complete-state-postal-system-outage-in-bulgaria""]",2022,2023,2023 Threat Report. ICSSTRIVE & Waterfall Security Solutions
354,Costa Rican Customs Service,2022-04-17,Costa Rica,Transportation,Ransomware,1,,"Slowed shipments for > 1 month, and shutdown Customs' systems","Small part of a massive Conti and Hive ransomware attack on Costa Rica's government, and container freight shipments to slow to a trickle at the port of Limón","[""fas.usda.gov/data/costa-rica-costa-rica-customs-delays-affect-imports"",""icsstrive.com/incident/costa-rica-declares-national-emergency-in-response-to-ransomware-attack""]",2022,2023,2023 Threat Report. ICSSTRIVE & Waterfall Security Solutions
359,Sunwing Airlines,2022-04-18,Canada,Transportation,Unknown,1,,"Shutdown check-in systems, delay or cancel 188 flights","Discount holiday carrier's passengers stranded during the busy Easter long weekend, where “a system that is running all the time, which never fails, was hacked""","[""infosecurity-magazine.com/news/cyberattackers-hit-sunwing-airlines"",""icsstrive.com/incident/check-in-systems-offline-for-days-at-sunwing-airlines""]",2022,2023,2023 Threat Report. ICSSTRIVE & Waterfall Security Solutions
363,AGCO,2022-05-05,USA & Europe,Discrete Mfg.,Ransomware,1,,"Shutdown majority of production in for 15+ days, and sent workers home","Attack on major tractor and equipment manufacturer occurs at the start of planting season, during peak global demand for new equipment and parts from dealers","[""theregister.com/2022/05/09/farm_machinery_giant_agco_hit"",""icsstrive.com/incident/ransomware-attack-at-agco""]",2022,2023,2023 Threat Report. ICSSTRIVE & Waterfall Security Solutions
367,SpiceJet,2022-05-25,India,Transportation,Ransomware,1,,Grounded or delayed planes for 5+ hours,"""Attempted ransomware"" attack on SpiceJet caused major delays for air travellers, causing a cascading effect on future flight schedules","[""icsstrive.com/incident/spicejets-low-cost-airline-in-india-systems-and-operations-impacted-by-ransomware-attack""]",2022,2023,2023 Threat Report. ICSSTRIVE & Waterfall Security Solutions
372,Foxconn Baja California,2022-05-31,Mexico,Discrete Mfg.,Ransomware,1,,"Disrupted production for 2 weeks, & forced production capacity adjustment","Lockbit gang ransomed the plant in Tijuana, which supplies most of California's brand-labeled consumer electronics. 2nd time in 2 years this plant was hit by ransomware","[""therecord.media/foxconn-mexico-factory-operations-gradually-returning-to-normal-after-ransomware-attack"",""isssource.com/foxconn-recovering-from-ransomware-attack-again""]",2022,2023,2023 Threat Report. ICSSTRIVE & Waterfall Security Solutions
377,CMC Electronics,2022-05-31,Canada,Discrete Mfg.,Ransomware,1,,Disrupted and delayed ops.,"BlackCat (ALPHV) ransomware encrypted systems and ""disrupted operations"" to a key supplier of avionics of Canada's Department of National Defense","[""itworldcanada.com/article/canadian-military-provider-suffered-ransom-attack-says-news-report/487654"",""icsstrive.com/incident/alphv-ransomware-gang-attacks-canadian-defense-contractor""]",2022,2023,2023 Threat Report. ICSSTRIVE & Waterfall Security Solutions
382,Yodel,2022-06-22,UK,Transportation,Unknown,1,,Delayed parcel delivery for millions of customers,"Suspected but unconfirmed ransomware attack shuts down critical operations, including delivery tracking, for millions awaiting home delivery of goods and services","[""bleepingcomputer.com/news/security/yodel-parcel-company-confirms-cyberattack-is-disrupting-delivery"",""icsstrive.com/incident/millions-of-yodel-customers-in-uk-face-parcel-delivery-delays""]",2022,2023,2023 Threat Report. ICSSTRIVE & Waterfall Security Solutions
387,Apetito (parent of Wiltshire Food Farms),2022-06-25,UK,Food & Beverage,Ransomware,1,,"5-day halt to food deliveries, and rebuilt systems","Hive ransomware hits Meals-on-wheels serving institutions and the vulnerable. Apetito reverted to manual procedures, and a complete system rebuild to restore ops","[""icsstrive.com/incident/apetitos-security-systems-breached-in-sophisticated-cyberattack""]",2022,2023,2023 Threat Report. ICSSTRIVE & Waterfall Security Solutions
392,Macmillan Publishers,2022-06-25,"UK, USA",Discrete Mfg.,Ransomware,2,,Halted orders & shipments; backlogged regional warehouses for months,"Ransomware attack on a major publisher closed offices in NYC and London, disrupting order processing, and causing months of delivery backlogs at regional warehouses","[""icsstrive.com/incident/cyberattack-forces-macmillan-publishers-to-take-operations-offline-and-close-physical-offices""]",2022,2023,2023 Threat Report. ICSSTRIVE & Waterfall Security Solutions
396,"Khuzestan Steel (KSC), Mobarakeh Steel (MSC), & Hormozgan Steel (HOSCO)",2022-06-27,Iran,Metals & Mining,Hacktivist,1,,Damaged equipment and halted production at the KSC plant.,Predatory Sparrow group claimed responsibility set the KSC plant on fire and posted CCTV of the incident on twitter. Any potential damages to MSC and HOSCO remain unconfirmed,"[""timesofisrael.com/large-cyberattack-on-iranian-industrial-sector-targets-three-steel-plants"",""icsstrive.com/incident/khuzestan-steel-hit-in-cyber-attack-production-halts""]",2022,2023,2023 Threat Report. ICSSTRIVE & Waterfall Security Solutions
400,Knauf,2022-06-29,UK,Process Mfg.,Ransomware,2,,Shutdown production for 3+ weeks; Delayed existing and canceled all new orders,"After a BlackBasta ransomware attack, Knauf pre- emptively shut down to facilitate recovery and forensics, and operated both plants manually","[""techmonitor.ai/technology/cybersecurity/knauf-cyberattack-blackbasta-ransomware"",""icsstrive.com/incident/largest-building-material-producer-attacked-by-black-basta""]",2022,2023,2023 Threat Report. ICSSTRIVE & Waterfall Security Solutions
404,Eglo,2022-07-18,Austria,Discrete Mfg.,Ransomware,1,,"Shutdown production, order processing and shipping for 12 days","Lighting manufacturer's CEO confirmed the ransomware attack, but noted that no ransom note had been received by the time they begun recovery","[""diepresse.com/6167688/tiroler-leuchtenhersteller-eglo-von-cyber-angriff-getroffen"",""icsstrive.com/incident/hackers-paralyzed-computer-system-at-austrian-light-manufacturer-eglo""]",2022,2023,2023 Threat Report. ICSSTRIVE & Waterfall Security Solutions
409,Semikron-Danfoss,2022-07-29,Germany,Discrete Mfg.,Ransomware,8,,Shutdown production for months,"A power-electronics semiconductor maker for ICS, EVs and wind turbines suffered a LV ransomware attack, and was not fully restored months after the incident","[""bleepingcomputer.com/news/security/semiconductor-manufacturer-semikron-hit-by-lv-ransomware-attack"",""icsstrive.com/incident/semikron-holding-production-after-cyber-attack""]",2022,2023,2023 Threat Report. ICSSTRIVE & Waterfall Security Solutions
414,Ontario Cannabis Retail Corporation (OCS),2022-08-05,Canada,Transportation,Unknown,1,,Halted delivery & distribution province-wide for 5 days,"Through the OCS crown corporation, the provincial government of Ontario controls and regulates the supply of cannabis to all retail stores","[""cbc.ca/news/canada/toronto/ontario-cannabis-store-1.6549657"",""icsstrive.com/incident/us-supply-chain-cyberattack-affects-ontario-cannabis-retail-corporation-ocs-deliveries""]",2022,2023,2023 Threat Report. ICSSTRIVE & Waterfall Security Solutions
420,Bombardier Recreational Products (BRP),2022-08-08,"Austria, Canada, Finland, USA",Discrete Mfg.,Ransomware,4,,Shutdown production and halted order fulfillment for 1 week,RansomExx gang published all files (30 GB) exfiltrated from BRP after they refused to pay the ransom. The malware infection was traced to a service provider.,"[""bleepingcomputer.com/news/security/ransomexx-claims-ransomware-attack-on-sea-doo-ski-doo-maker"",""icsstrive.com/incident/brp-suspends-operations-following-ransomware-attack""]",2022,2023,2023 Threat Report. ICSSTRIVE & Waterfall Security Solutions
425,Apex Capital / TCS Fuel,2022-08-13,USA,Transportation,Ransomware,1,,Shutdown ops. for 1 week,"BlackByte ransomware on TCS Fuel impacted small- business truckers, who were unable to fuel their trucks or access funds to pay their owner-operators","[""icsstrive.com/incident/system-outage-at-apex-capital-affects-medium-and-small-size-trucking-companies""]",2022,2023,2023 Threat Report. ICSSTRIVE & Waterfall Security Solutions
430,Novosibirsk City Transport Traffic Management System,2022-09-02,Russia,Transportation,Hacktivist,1,,Shutdown and disrupted public transportation for 2+ days,"Pro-Ukrainian activists Team OneFist causes traffic chaos, by halting and damaging the public transit scheduling system and signage, so as to prevent quick recovery","[""ibtimes.com/russians-novosibirsk-forced-pound-pavements-team-onefist-paralyzes-traffic-exclusive-3611628"",""icsstrive.com/incident/novosibirsk-transportation-system-attacked-by-pro-ukranian-hacker-group""]",2022,2023,2023 Threat Report. ICSSTRIVE & Waterfall Security Solutions
436,Yandex Taxi,2022-09-03,Russia,Transportation,Hacktivist,1,,Disrupted Moscow traffic for 3+ hours,"Hacktivists caused traffic chaos, in an attack that simultaneously dispatched all Yandex's Taxi cars to the same location, resulting in a massive traffic jam","[""icsstrive.com/incident/chaos-in-moscow-traffic-caused-by-yandex-taxis-software-hack"",""theverge.com/2022/9/3/23335694/hackers-traffic-jam-russia-moscow-ride-hailing-app-yandex-taxi""]",2022,2023,2023 Threat Report. ICSSTRIVE & Waterfall Security Solutions
441,Läderach,2022-09-05,Switzerland,Food & Beverage,Ransomware,1,,"Halted production, logistics and administration for 67 days","A ransomware attack on the chocolate maker causes a long-term outage, and impacts logistics. After Läderach refuses to pay the ransom, all data is leaked","[""icsstrive.com/incident/operations-impacted-at-swiss-chocolate-manufacturer-laderach""]",2022,2023,2023 Threat Report. ICSSTRIVE & Waterfall Security Solutions
445,Electricity Company of Ghana (ECG),2022-09-26,Ghana,Power,Ransomware,1,,5+ days of power outages for pre- paid customers,"A ransomware attack disables ECG's billing system and the IT network, leaving commercial and residential customers in the dark and unable to purchase power","[""icsstrive.com/incident/ransomware-attack-at-electric-company-of-ghana-left-customers-without-power-for-days""]",2022,2023,2023 Threat Report. ICSSTRIVE & Waterfall Security Solutions
450,HiPP,2022-10-05,Germany,Food & Beverage,Unknown,1,,"Production shutdown for days, and 1000 employees sent home","Pfaffenhofen, Bavaria based baby food manufacturer, which sells worldwide, was hit by an attack which shutdown both IT and OT systems","[""csoonline.com/de/a/hipp-gehackt,3674208"",""icsstrive.com/incident/ot-systems-impacted-by-cyberattack-at-hipp-a-german-baby-food-manufacturer""]",2022,2023,2023 Threat Report. ICSSTRIVE & Waterfall Security Solutions
455,Heilbronner Stimme & Stimme Mediengruppe,2022-10-14,Germany,Discrete Mfg.,Ransomware,1,,Shutdown operations and sent employees home; impacted regional partners,"Printing presses halted after a ransomware attack, stopping distribution of the Heilbronner Stimme and other regional publications printed under contract","[""bleepingcomputer.com/news/security/ransomware-attack-halts-circulation-of-some-german-newspapers"",""icsstrive.com/incident/ransomware-attack-cripples-printing-systems-at-german-newspaper""]",2022,2023,2023 Threat Report. ICSSTRIVE & Waterfall Security Solutions
460,Aurubis AG,2022-10-28,"Germany, USA",Metals & Mining,Unknown,1,,"Production and delivery halted, and employees sent home, in Buffalo, NY","Europe's largest copper smelter admitted to isolating from the internet, and operating manually, but local news in Buffalo reported their copper wire plant was shutdown","[""hackread.com/copper-producer-aurubis-cyberattack"",""icsstrive.com/incident/worlds-largest-copper-smelter-largely-maintains-operations-after-cyberattack""]",2022,2023,2023 Threat Report. ICSSTRIVE & Waterfall Security Solutions
465,Danish Rails (DSB) / Supeo,2022-10-29,Denmark,Transportation,Ransomware,1,,Shutdown train service for several hours,"Denmark's largest rail operator halted due to cyber attack on 3rd party Supeo who were unable to offer their critical, real-time safety data to train drivers","[""isssource.com/trains-halted-in-denmark-after-cyberattack""]",2022,2023,2023 Threat Report. ICSSTRIVE & Waterfall Security Solutions
468,Cartonnerie Gondardennes,2022-10-31,France,Process Mfg.,Ransomware,1,,"Shutdown production for 3 days, and workers sent home",This cardboard maker avoided paying a ransom as systems were decrypted by a local journalist and cyber expert Damien Bancal,"[""lavoixdunord.fr/1250765/article/2022-11-07/le-piratage-cartonnerie-gondardennes-decrypte-par-damien-bancal-journaliste"",""icsstrive.com/incident/hackers-shut-down-production-at-cartonnerie-gondardennes-in-france""]",2022,2023,2023 Threat Report. ICSSTRIVE & Waterfall Security Solutions
474,"Jeppesen, a Boeing subsidiary",2022-11-02,Global,Transportation,Ransomware,1,,Delayed flights at multiple airlines & impacted flight planning for 14 days,"Ransomware shutdown 6 Electronic Flight Bag (EFB) apps & services provided by Jeppesen, increasing pilot's workloads in flight planning and navigation","[""icsstrive.com/incident/cyberattack-attack-at-boeing-subsidiary-causes-widespread-flight-disruptions"",""ops.group/blog/jeppesen-ransomware-attack-update""]",2022,2023,2023 Threat Report. ICSSTRIVE & Waterfall Security Solutions
479,Uponor Oyj,2022-11-05,Finland,Discrete Mfg.,Ransomware,1,,"Shutdown production for 1 week, then reduced capacity for 2+ weeks","The manufacturer of HVAC, plumbing, and infrastructure products shutdown all OT systems as a precaution, and restoration took weeks","[""icsstrive.com/incident/operational-shutdown-at-uponor-intelligent-plumbing-climate-solutions""]",2022,2023,2023 Threat Report. ICSSTRIVE & Waterfall Security Solutions
484,PGT Innovations,2022-11-05,USA,Discrete Mfg.,Ransomware,2,$12M,"Impacted production at 2 plants, and contributed to a $12m loss","A ransomware attack impacted 2 window and door manufacturing plants in Florida, and contributed to $12m quarterly revenue loss","[""icsstrive.com/incident/ransomware-attack-at-window-and-door-manufacturer-pgt-innovations""]",2022,2023,2023 Threat Report. ICSSTRIVE & Waterfall Security Solutions
489,Maple Leaf Foods,2022-11-06,Canada,Food & Beverage,Ransomware,1,,Disrupted operations and services at multiple sites,"BlackBasta lists Maple Leaf as one of its victims on the dark web, but Maple Leaf releases little else about the attack other than the impact to ops","[""just-food.com/news/canadas-maple-leaf-foods-hit-by-cyberattack"",""icsstrive.com/incident/system-outage-at-maple-leaf-food-manufacturer-in-canada""]",2022,2023,2023 Threat Report. ICSSTRIVE & Waterfall Security Solutions
493,Taxis Coop Québec,2022-11-17,Canada,Transportation,Ransomware,1,,Shutdown taxi dispatch system for 2.5 hours in the early morning,"Ransomware breached Taxi Coop Quebec's ride hailing back-end systems, so staff pre-emptively shut down all servers and began recovery","[""ici.radio-canada.ca/nouvelle/1933690/taxi-coop-quebec-cyberattaque-informatique"",""icsstrive.com/incident/taxi-ride-hailing-service-in-quebec-hacked""]",2022,2023,2023 Threat Report. ICSSTRIVE & Waterfall Security Solutions
498,Europea Microfusioni Aerospaziali (EMA),2022-11-17,Italy,Discrete Mfg.,Ransomware,1,,"Shutdown production line for 6+ days, and sent employees home","EMA, a precision investment casting leader, was hit by ransomware production lines were shutdown. 40 techs and specialists were sent in to assist","[""icsstrive.com/incident/cyberattack-shuts-down-operations-at-precision-casting-foundry-europea-microfusioni-aerospaziali""]",2022,2023,2023 Threat Report. ICSSTRIVE & Waterfall Security Solutions
504,Communauto,2022-11-21,Canada,Transportation,Unknown,1,,Shutdown ride-sharing operations & services for 1 day,"A cyber attack prevented users from starting or ending a ride, during an existing industry shortage of vehicles, frustrating users struggling to reserve a car","[""icsstrive.com/incident/cyberattack-hits-communauto-operations-already-struggling-with-frustrated-customers""]",2022,2023,2023 Threat Report. ICSSTRIVE & Waterfall Security Solutions
510,"Prophete / VSF Fahrradmanufaktur, Rabeneick and Kreidler",2022-11-25,Germany,Discrete Mfg.,Ransomware,1,,Shutdown operations for 3+ weeks and lead to insolvency,"Ransomware attack meant that parts did not arrive, and bicycles were not fully assembled and delivered. Additional shareholder injections could not be secured triggering bankruptcy","[""icsstrive.com/incident/downtime-caused-by-cyberattack-final-straw-for-german-bicycle-manufacturer""]",2022,2023,2023 Threat Report. ICSSTRIVE & Waterfall Security Solutions
515,Cobolux,2022-11-25,Luxembourg,Food & Beverage,Ransomware,1,€400K,1 day production loss; Estimated €400K - €500K in damages and restoration costs,"Ransomware attack made it impossible to continue operating, because meat products could not be labeled, a regulated and food safety requirement","[""icsstrive.com/incident/production-halted-at-meat-processing-factory-in-luxembourg""]",2022,2023,2023 Threat Report. ICSSTRIVE & Waterfall Security Solutions
519,UNOX,2022-12-10,Italy,Discrete Mfg.,Unknown,1,,Shutdown production for 2 days,"Hit by a cyber attack, the company activated emergency procedures, suspended production as a safety measure, and initiated ""appropriate checks""","[""icsstrive.com/incident/italian-oven-manufacturer-suspends-production-after-cyberattack""]",2022,2023,2023 Threat Report. ICSSTRIVE & Waterfall Security Solutions
523,Fruttagel,2022-12-11,Italy,Food & Beverage,Ransomware,1,,Shutdown production for 4+ days,A BlackCat (ALPHV) ransomware attack on Fruttagel halted production and prevented customer deliveries. Ransom goes unpaid so Blackcat leaked all 720GB of exfiltrated data,"[""icsstrive.com/incident/production-outage-after-massive-ransomware-attack-at-italian-fruttagel""]",2022,2023,2023 Threat Report. ICSSTRIVE & Waterfall Security Solutions
527,Empresas Públicas de Medellín (EPM),2022-12-13,Colombia,Water,Ransomware,1,,Trucked in water for 28k customers on pre-paid service plans,"A BlackCat (ALPHV) ransomware attack shut off water for 28K customers unable to pre-pay for service, due to an OT dependence on IT and billing systems","[""isssource.com/ransomware-attack-at-colombian-utility""]",2022,2023,2023 Threat Report. ICSSTRIVE & Waterfall Security Solutions
531,"Technolit GmbH, in Grossenlüder",2022-12-22,Germany,Discrete Mfg.,Unknown,1,,Shutdown operations and sent employees home,A German manufacturer and distributor of welding supplies and products was shutdown by an unknown cyber attack,"[""icsstrive.com/incident/cyberattack-at-technolit-gmbh-employees-sent-home""]",2022,2023,2023 Threat Report. ICSSTRIVE & Waterfall Security Solutions
535,Copper Mountain Mining Corporation (CMCC),2022-12-27,Canada,Metals & Mining,Ransomware,1,,"Shutdown operations for 5 days (pre-emptive), then reduced production for 4 days","CMCC shutdown mining ops out of an abundance of caution, after an attack possibly enabled by passwords leaked on the dark web weeks earlier","[""isssource.com/copper-miner-hit-in-ransomware-attack""]",2022,2023,2023 Threat Report. ICSSTRIVE & Waterfall Security Solutions
538,Beneteau SA,2021-02-18,France,Discrete Mfg.,Ransomware,2,,Shutdown for 3-4 weeks at several plants,"Boat manufacturer hit by ransomware, impacting OT. Production shutdown or delayed at ""several sites"". Wiped out 2021 growth, according to CEO.","[""boatindustry.com/news/36934/beneteau-2021-growth-almost-""]",2021,2023,2023 Threat Report. ICSSTRIVE & Waterfall Security Solutions
